CONF_PARAM_DEC_ID;CONF_PARAM_LABEL;CONF_PARAM_DEFINITION;CONF_PARAM_NAME;CONF_PARAM_DESCRIPTION
MISSION.P0;Reference day of the 1st cycle (days);Reference day of the 1st cycle (days);CONFIG_FloatReferenceDay_FloatDay;Profiler configuration - Reference day, for PROVOR and ARVOR floats this is: The day number on which the first profile is to be made. The day when the mission starts is zero.
MISSION-PRESSURE_DETECTION.P0;Period of pressure monitoring (s);Period of pressure monitoring (s);CONFIG_AUX_PressureActivationPressureCheckTime_seconds;Pressure scrutation period during the pressure activation phase.
MISSION-PRESSURE_DETECTION.P1;Threshold of pressure to start mission (dbar);Threshold of pressure to start mission (dbar);CONFIG_PressureActivation_dbar;depth at which float is set to pressure activate
MISSION-PRESSURE_DETECTION.P2;Maximum number of days before starting mission (days);Maximum number of days before starting mission (days);CONFIG_AUX_PressureActivationTimeout_days;The pressure activation phase starts after the first successfull auto-test and ends (with the start of the float mission) at the end of the CONFIG_AUX_PressureActivationTimeout_days period. During this phase the float checks the external pressure and can start its mission as soon as a CONFIG_PressureActivation_dbar pressure is measured. At the end of this phase the mission will automatically start.
MISSION-INITIALIZATION.P0;Waiting at surface before starting mission (s);Waiting at surface before starting mission (s);CONFIG_DelayBeforeMissionStart_seconds;Float waiting period before the first cycle of its mission (in minutes).
MISSION-LOOPXX-CYCLEXX.P1;Period of cycle (s);Period of cycle (s);CONFIG_CycleTime_seconds;For APEX and ARVOR floats this is the total duration of one cycle, usually 240 hours (10 days). For SOLO floats this is the total duration of one cycle, assuming that all float operations reach their full time-out intervals before moving to the next float stage. Typically the actual cycle time will be shorter than this value.
MISSION-LOOPXX-CYCLEXX.P2;Expected hour at surface;Expected hour at surface;CONFIG_SurfaceTime_HHMMSS;Hour of the float surfacing
MISSION-LOOPXX-CYCLEXX-TRANSMISSION01.P0;Enable/disable transmission session;Enable/disable transmission session;CONFIG_TransmissionEndCycle_LOGICAL;The float performs a telemetry transmission at the end of the cycle (Yes=1/No=0).
MISSION-LOOPXX-CYCLEXX-BUOYANCY_RED.P0;Mode of buoyancy reduction (0: secure, 1: fast);Mode of buoyancy reduction (0: secure, 1: fast);CONFIG_AUX_BuoyancyReductionMode_NUMBER;Mode of the buoyancy reduction (0: secure, 1: fast).
MISSION-LOOPXX-CYCLEXX-DESC_PARK.P0;Expected depth (dbar);Expected depth (dbar);CONFIG_ParkPressure_dbar;park pressure - this may change if the float is reprogrammed and must be reported in the mission configuration settings
MISSION-LOOPXX-CYCLEXX-DESC_PARK.P1;Mean speed on descent (cm/s);Mean speed on descent (cm/s);CONFIG_AUX_DescentToParkSpeed_cm/s;Mean descent speed during descent to parking depth.
MISSION-LOOPXX-CYCLEXX-PARK_DRIFT.P0;Minimum duration in drift (s);Minimum duration in drift (s);CONFIG_AUX_ParkDriftDuration_seconds;Minimum duration of the parking drift phase.
MISSION-LOOPXX-CYCLEXX-PARK_DRIFT.P1;Tolerance of positioning (dbar);Tolerance of positioning (dbar);CONFIG_AUX_PressureTargetToleranceBeforeParkDriftReposition_dbar;Defines the target pressure interval before performing a buoyancy readjustment to reposition during the drift at parking depth. When a PRES measurement (sampled to monitor the float drift at parking depth) is outside the [parking_pressure +- CONFIG_AUX_PressureTargetToleranceBeforeParkDriftReposition_dbar] interval, the float adjusts its buoyancy.
MISSION-LOOPXX-CYCLEXX-PARK_DRIFT.P2;Tolerance of repositioning (dbar);Tolerance of repositioning (dbar);CONFIG_AUX_PressureTargetToleranceAfterParkDriftReposition_dbar;Defines the target pressure interval after a reposition to enter anew in the drift phase at parking depth (in dbars).
MISSION-LOOPXX-CYCLEXX-DESC_PROF.P0;Expected depth (dbar);Expected depth (dbar);CONFIG_ProfilePressure_dbar;profile pressure - this may change if the float is reprogrammed and must be reported in the mission configuration settings
MISSION-LOOPXX-CYCLEXX-DESC_PROF.P1;Mean speed on descent (cm/s);Mean speed on descent (cm/s);CONFIG_AUX_DescentToProfSpeed_cm/s;Mean descent speed during descent to profile depth.
MISSION-LOOPXX-CYCLEXX-PROF_DRIFT.P0;Minimum duration in drift (s);Minimum duration in drift (s);CONFIG_AUX_ProfDriftDuration_seconds;Minimum duration of the profile drift phase.
MISSION-LOOPXX-CYCLEXX-PROF_DRIFT.P1;Tolerance of positioning (dbar);Tolerance of positioning (dbar);CONFIG_AUX_PressureTargetToleranceBeforeProfDriftReposition_dbar;Defines the target pressure interval before performing a buoyancy readjustment to reposition during the drift at profile depth. When a PRES measurement (sampled to monitor the float drift at parking depth) is outside the [parking_pressure +- CONFIG_AUX_PressureTargetToleranceBeforeProfDriftReposition_dbar] interval, the float adjust its buoyancy.
MISSION-LOOPXX-CYCLEXX-PROF_DRIFT.P2;Tolerance of repositioning (dbar);Tolerance of repositioning (dbar);CONFIG_AUX_PressureTargetToleranceAfterProfDriftReposition_dbar;Defines the target pressure interval for float drift at profile depth (in dbars).
MISSION-LOOPXX-CYCLEXX-ASCENT.P0;Expected depth (Optional – set to 0 if only one ascent phase);Expected depth (Optional – set to 0 if only one ascent phase);CONFIG_AUX_AscentEndPressure_dbar;Expected depth at end of ascent (0 if only one ascent phase).
MISSION-LOOPXX-CYCLEXX-ASCENT.P1;Mean speed on ascent (cm/s);Mean speed on ascent (cm/s);CONFIG_AscentSpeed_cm/s;ascent speed during upcast in mm/s or cm/s (can be used to estimate the profile duration)
MISSION-LOOPXX-CYCLEXX-IN_AIR.P0;Cycle periodicity (1/x where x=number of the cycle);Cycle periodicity (1/x where x=number of the cycle);CONFIG_InAirMeasurementPeriodicity_NUMBER;"Cycle periodicity of the ""in air measurement"" phase: - 0 means no ""in air acquisition"" - 1 means ""in air acquisition"" every cycle - N means ""in air acquisition"" one cycle every ""N"" cycles"
MISSION-LOOPXX-CYCLEXX-IN_AIR.P1;Duration of waiting at surface (s);Duration of waiting at surface (s);CONFIG_InAirMeasurementTime_seconds;"Duration of the ""in air measurement"" phase."
MISSION-LOOPXX-CYCLEXX-END_OF_CYCLE.P0;Waiting at the end of the cycle (s);Waiting at the end of the cycle (s);CONFIG_AUX_EndOfCycleWaintingPeriod_seconds;Duration of the waiting period at the end of a cycle.
MISSION-END_OF_LIFE.P0;Periodicity of the GPS/transmission session (s);Periodicity of the GPS/transmission session (s);CONFIG_TransmissionPeriodEndOfLife_seconds;Period of the Iridium transmission when in End Of Life mode (in minutes).
TECHNICAL-BUOYANCY_RED.P0;1st threshold of the buoyancy reduction (dbar);1st threshold of the buoyancy reduction (dbar);CONFIG_BuoyancyReductionFirstThreshold_dbar;First threshold of the buoyancy reduction phase (in dbars). From the surface to this first threshold, the float performs one initial valve action (of a computed duration) and N1 additional valve actions (of fixed durations) until the crossing of this first threshold.
TECHNICAL-BUOYANCY_RED.P1;2nd threshold of the buoyancy reduction (dbar);2nd threshold of the buoyancy reduction (dbar);CONFIG_BuoyancyReductionSecondThreshold_dbar;Second threshold of the buoyancy reduction phase (in dbars). From the first threshold to this second threshold, the float performs N2 additional valve actions (of computed durations) until the crossing of this second threshold. The descent to park phase starts at the crossing of this second threshold.
TECHNICAL-BUOYANCY_RED.P2;Period of pressure monitoring (s);Period of pressure monitoring (s);CONFIG_PressureCheckTimeBuoyancyReductionPhase_seconds;Time delay after each valve action before checking the pressure during the buoyancy reduction phase (in seconds).
TECHNICAL-BUOYANCY_RED.P3;Volume of SV activation (cm3);Volume of SV activation (cm3);CONFIG_AUX_OilVolumePerValveActionBuoyancyReductionPhase_cm^3;Constant oil volume transfered at each valve action during the first step (between surface and first threshold) of the buoyancy reduction phase.
TECHNICAL-DESCENT-MIN.P0;Mean speed (cm/s);Mean speed (cm/s);CONFIG_AUX_DescentMinThresholdForMeanSpeedProcessing_cm/s;Parameter used to compute parameters associated with expected mean speed on descent.
TECHNICAL-DESCENT-MIN.P1;Min speed (cm/s);Min speed (cm/s);CONFIG_AUX_DescentMinThresholdForMinSpeedProcessing_cm/s;Parameter used to compute min speed before buoyancy action with expected mean speed on descent.
TECHNICAL-DESCENT-MIN.P2;Period of pressure monitoring (s);Period of pressure monitoring (s);CONFIG_AUX_DescentMinThresholdForPressureMonitoringPeriodProcessing_cm/s;Parameter used to compute pressure monitoring period with expected mean speed on descent.
TECHNICAL-DESCENT-MIN.P3;Volume of SV activation (cm3);Volume of SV activation (cm3);CONFIG_AUX_DescentMinThresholdForMaxVolumeOfValveActionProcessing_cm^3;Parameter used to compute max volume of valve action with expected mean speed on descent.
TECHNICAL-DESCENT-MAX.P0;Mean speed (cm/s);Mean speed (cm/s);CONFIG_AUX_DescentMaxThresholdForMeanSpeedProcessing_cm/s;Parameter used to compute parameters associated with expected mean speed on descent.
TECHNICAL-DESCENT-MAX.P1;Min speed (cm/s);Min speed (cm/s);CONFIG_AUX_DescentMaxThresholdForMinSpeedProcessing_cm/s;Parameter used to compute min speed before buoyancy action with expected mean speed on descent.
TECHNICAL-DESCENT-MAX.P2;Period of pressure monitoring (s);Period of pressure monitoring (s);CONFIG_AUX_DescentMaxThresholdForPressureMonitoringPeriodProcessing_seconds;Parameter used to compute pressure monitoring period with expected mean speed on descent.
TECHNICAL-DESCENT-MAX.P3;Volume of SV activation (cm3);Volume of SV activation (cm3);CONFIG_AUX_DescentMaxThresholdForMaxVolumeOfValveActionProcessing_cm^3;Parameter used to compute max volume of valve action with expected mean speed on descent.
TECHNICAL-DRIFT.P0;Period of pressure monitoring (s);Period of pressure monitoring (s);CONFIG_PressureCheckTimeParking_seconds;Period of the pressure checks during the float drift at park or profile depth.
TECHNICAL-REPOSITIONING.P0;Speed stabilization (cm/s);Speed stabilization (cm/s);CONFIG_AUX_ExpectedSpeedStabilizationDuringDriftReposition_cm/s;Expected speed stabilization during drift reposition (used to compute hydraulic activity during drift reposition).
TECHNICAL-REPOSITIONING-MIN.P0;Tolerance in pressure of expected depth (dbar);Tolerance in pressure of expected depth (dbar);CONFIG_AUX_DriftMinThresholdForToleranceBeforeDriftRepositionProcessing_cm/s;Parameter used to compute parameters associated with expected tolerance before drift reposition.
TECHNICAL-REPOSITIONING-MIN.P1;Period of pressure monitoring (s);Period of pressure monitoring (s);CONFIG_AUX_DriftMinThresholdForPressureMonitoringPeriodProcessing_cm/s;Parameter used to compute pressure monitoring period with expected tolerance before drift reposition.
TECHNICAL-REPOSITIONING-MIN.P2;Maximum volume of SV activation (cm3);Maximum volume of SV activation (cm3);CONFIG_AUX_DriftMinThresholdForMaxVolumeOfValveActionProcessing_cm^3;Parameter used to compute max volume of valve action with expected tolerance before drift reposition.
TECHNICAL-REPOSITIONING-MIN.P3;Maximum volume of PUMP activation (cm3);Maximum volume of PUMP activation (cm3);CONFIG_AUX_DriftMinThresholdForMaxVolumeOfPumpActionProcessing_cm^3;Parameter used to compute max volume of pump action with expected tolerance before drift reposition.
TECHNICAL-REPOSITIONING-MAX.P0;Tolerance in pressure of expected depth (dbar);Tolerance in pressure of expected depth (dbar);CONFIG_AUX_DriftMaxThresholdForToleranceBeforeDriftRepositionProcessing_cm/s;Parameter used to compute parameters associated with expected tolerance before drift reposition.
TECHNICAL-REPOSITIONING-MAX.P1;Period of pressure monitoring (s);Period of pressure monitoring (s);CONFIG_AUX_DriftMaxThresholdForPressureMonitoringPeriodProcessing_cm/s;Parameter used to compute pressure monitoring period with expected tolerance before drift reposition.
TECHNICAL-REPOSITIONING-MAX.P2;Maximum volume of SV activation (cm3);Maximum volume of SV activation (cm3);CONFIG_AUX_DriftMaxThresholdForMaxVolumeOfValveActionProcessing_cm^3;Parameter used to compute max volume of valve action with expected tolerance before drift reposition.
TECHNICAL-REPOSITIONING-MAX.P3;Maximum volume of PUMP activation (cm3);Maximum volume of PUMP activation (cm3);CONFIG_AUX_DriftMaxThresholdForMaxVolumeOfPumpActionProcessing_cm^3;Parameter used to compute max volume of pump action with expected tolerance before drift reposition.
TECHNICAL-ASCENT.P0;Tolerance in pressure of expected depth (dbar) (NOT USED by ARVOR 2);Tolerance in pressure of expected depth (dbar) (NOT USED by ARVOR 2);CONFIG_AUX_PressureThresholdBeforeAscentEnd_dbar;Defines the pressure threshold (CONFIG_AscentEndPressure_dbar - CONFIG_PressureThresholdBeforeAscentEnd_dbar) to stop pump action during ascent to surface
TECHNICAL-ASCENT-SURFACE.P0;Threshold of pressure considering that the surface has been reached (dbar);Threshold of pressure considering that the surface has been reached (dbar);CONFIG_AscentEndThreshold_dbar;Threshold used by the float to stop ascent speed control and pump actions.
TECHNICAL-ASCENT-SURFACE.P1;Waiting delay once surface reached (s);Waiting delay once surface reached (s);CONFIG_TimeDelayAfterEndOfAscentPressureThreshold_seconds;At the end of the ascent phase, when the float detects a given pressure (Ex: 6 dbar) it waits for this time delay before starting the pump for the final buoyancy acquisition.
TECHNICAL-ASCENT-MIN.P0;Mean speed (cm/s);Mean speed (cm/s);CONFIG_AUX_AscentMinThresholdForMeanSpeedProcessing_cm/s;Parameter used to compute parameters associated with expected mean speed on ascent.
TECHNICAL-ASCENT-MIN.P1;Min speed (cm/s);Min speed (cm/s);CONFIG_AUX_AscentMinThresholdForMinSpeedProcessing_cm/s;Parameter used to compute min speed before buoyancy action with expected mean speed on ascent.
TECHNICAL-ASCENT-MIN.P2;Period of pressure monitoring (s);Period of pressure monitoring (s);CONFIG_AUX_AscentMinThresholdForPressureMonitoringPeriodProcessing_cm/s;Parameter used to compute pressure monitoring period with expected mean speed on ascent.
TECHNICAL-ASCENT-MIN.P3;Volume of PUMP activation (cm3);Volume of PUMP activation (cm3);CONFIG_AUX_AscentMinThresholdForMaxVolumeOfValveActionProcessing_cm^3;Parameter used to compute max volume of valve action with expected mean speed on ascent.
TECHNICAL-ASCENT-MAX.P0;Mean speed (cm/s);Mean speed (cm/s);CONFIG_AUX_AscentMaxThresholdForMeanSpeedProcessing_cm/s;Parameter used to compute parameters associated with expected mean speed on ascent.
TECHNICAL-ASCENT-MAX.P1;Min speed (cm/s);Min speed (cm/s);CONFIG_AUX_AscentMaxThresholdForMinSpeedProcessing_cm/s;Parameter used to compute min speed before buoyancy action with expected mean speed on ascent.
TECHNICAL-ASCENT-MAX.P2;Period of pressure monitoring (s);Period of pressure monitoring (s);CONFIG_AUX_AscentMaxThresholdForPressureMonitoringPeriodProcessing_seconds;Parameter used to compute pressure monitoring period with expected mean speed on ascent.
TECHNICAL-ASCENT-MAX.P3;Volume of PUMP activation (cm3);Volume of PUMP activation (cm3);CONFIG_AUX_AscentMaxThresholdForMaxVolumeOfValveActionProcessing_cm^3;Parameter used to compute max volume of valve action with expected mean speed on ascent.
TECHNICAL-EMERGENCE.P0;Volume of pumping increasing buoyancy;Volume of pumping increasing buoyancy;CONFIG_OilVolumeLastPumpActionBuoyancyAcquisition_cm^3;Volume of the last pump action of the buoyancy acquisition phase. Original proposed name was: CONFIG_PumpActionOilVolumeBuoyancyAcquisition_cm^3
TECHNICAL-IN_AIR.P0;Volume of pumping increasing buoyancy to make acquisition in air;Volume of pumping increasing buoyancy to make acquisition in air;CONFIG_PumpActionTimeBuoyancyAcquisitionForInAirMeasCycle_cm^3;"Duration of the last pump action of the buoyancy acquisition phase when a ""in air measurement"" phase is programmed (in centi-seconds). [For a cycle without ""in air measurement phase"" it is CONFIG_PumpActionTimeBuoyancyAcquisition_csec]."
TECHNICAL-TREATMENT.P0;Timeout of sensors data treatment before transmission (s);Timeout of sensors data treatment before transmission (s);CONFIG_AUX_TimeoutSensorDataProcessing_seconds;Maximum amount of time allowed for sensor data processing to complete its task.
TECHNICAL-TRANSMISSION.P0;GPS: Time-out of session (s);GPS: Time-out of session (s);CONFIG_GPSTimeout_seconds;Timeout for GPS acquisition.
TECHNICAL-TRANSMISSION.P1;GPS: Volume of pumping in case of acquisition failure (cm3);GPS: Volume of pumping in case of acquisition failure (cm3);CONFIG_AUX_OilVolumePumpActionWhenGpsFailed_cm^3;Volume of the additional pump action performed when the GNSS failed to acquire a valid GPS fix.
TECHNICAL-TRANSMISSION.P2;IRIDIUM: Time-out of 1st connection (s);IRIDIUM: Time-out of 1st connection (s);CONFIG_ConnectionFailureTimeOut_seconds;Is the maximum time allowed for the float to connect to the RUDICS server, i.e. it tries to connect during 30 minutes (values set for these floats) if it fails it is probably because it is under ice (that has not been detected by ISA or hanging algorithms).
TECHNICAL-TRANSMISSION.P3;IRIDIUM: Time-out of session (s);IRIDIUM: Time-out of session (s);CONFIG_ConnectionTimeOut_seconds;Connection time-out, i.e. maximum transmission period for one telemetry session
TECHNICAL-TRANSMISSION.P4;Enable/disable GZ compression on all files sent;Enable/disable GZ compression on all files sent;CONFIG_AUX_EnableGzCompressionOnTransmittedFiles_LOGICAL;Enable/disable GZ compression on all files sent.
TECHNICAL-TRANSMISSION.P5;Number of sending tries before quarantining a file;Number of sending tries before quarantining a file;CONFIG_AUX_FileTransmissionGiveUp_NUMBER;Threshold used to give up in transmitting a file.
TECHNICAL-TRANSMISSION-RUDICS.P0;Maximum size of transmit files (KB);Maximum size of transmit files (KB);CONFIG_AUX_TransmittedFileMaxSize_kbyte;Max size for transmitted files (in kbyte). Larger files are split before transmission.
TECHNICAL-TRANSMISSION-RUDICS.P1;Reset RUDICS connection before retrieving remote control commands;Reset RUDICS connection before retrieving remote control commands;CONFIG_AUX_ResetRudicsBeforeRetrievingRemoteControlCommands_LOGICAL;Reset RUDICS connection before retrieving remote control commands.
TECHNICAL-TRANSMISSION-SBD.P0;Resend setting file one remote control commands receiving;Resend setting file one remote control commands receiving;CONFIG_AUX_SendSettingFileOnRemoteControlCommandsReception_LOGICAL;Send the updated setting file when new remote control commands have been received.
TECHNICAL-EMERGENCY_ASCENT.P0;Min speed (cm/s);Min speed (cm/s);CONFIG_AUX_EmergencyAscentSpeedMin_cm/s;Float minimum ascent speed before activating the pump during an emergency ascent.
TECHNICAL-EMERGENCY_ASCENT.P1;Volume of PUMP activation (cm3);Volume of PUMP activation (cm3);CONFIG_AUX_EmergencyAscentOilVolumePerPumpAction_cm^3;Oil volume of each pump action during an emergency ascent.
TECHNICAL-END_OF_LIFE-SCHEDULER.P0;Enable/disable the automatic “end of life at bottom”;Enable/disable the automatic “end of life at bottom”;CONFIG_AUX_EolAtDepth_LOGICAL;"Enable/disable automatic ""End Of Life at depth""."
TECHNICAL-END_OF_LIFE-SCHEDULER.P1;Minimum number of cycles realized;Minimum number of cycles realized;CONFIG_AUX_EolAtDepthMinimumNumberOfCycles_NUMBER;"Minimum number of cycles completed to activate automatic ""End Of Life at depth""."
TECHNICAL-END_OF_LIFE-SCHEDULER.P2;Minimum number of days at sea;Minimum number of days at sea;CONFIG_AUX_EolAtDepthMinimumNumberOfDaysAtSea_NUMBER;"Minimum number of days at sea to activate automatic ""End Of Life at depth""."
TECHNICAL-END_OF_LIFE-SCHEDULER.P3;Number of detections confirming the “end of life”;Number of detections confirming the “end of life”;CONFIG_AUX_EolAtDepthMinimumNumberOfBatteryDepletion_NUMBER;"Minimum number of check battery depletion confirmations to activate automatic ""End Of Life at depth""."
TECHNICAL-LOGGER.P0;Event logger level (0: project information, 1: technical information, 2: endurance information);Event logger level (0: project information, 1: technical information, 2: endurance information);CONFIG_AUX_EventLoggerDescriptionLevel_NUMBER;Level of events stored in the associated log file (0: project information, 1: technical information, 2: endurance information).
TECHNICAL-LOGGER.P1;Pressure information (bit 0: on descent, bit 1: on drift, bit 2: on ascent);Pressure information (bit 0: on descent, bit 1: on drift, bit 2: on ascent);CONFIG_AUX_ReportedSpyData_hex;Used to choose which spy measurements (pressure vs time) are reported in the technical file (bit 0: on descent, bit 1: on drift, bit 2: on ascent).
TECHNICAL-LOGGER.P2;Reporting of sensors treatment (0: treated data only, 1: all data);Reporting of sensors treatment (0: treated data only, 1: all data);CONFIG_AUX_ReportDetailedDataProcessing_LOGICAL;Enable/disable report of detailed data processing information in the technical file.
TECHNICAL-LOGGER.P3;Reporting of ISA measures;Reporting of ISA measures;CONFIG_AUX_ReportIsaSamples_LOGICAL;Enable/disable report of all samples acquired for the ISA detection (with a maximum of 50 samples) in the technical file.
TECHNICAL-SECURITY.P0;Surface pressure (dbar);Surface pressure (dbar);CONFIG_AUX_FloatAtSurfacePressureThreshold_dbar;Defines the pressure threshold used to decide if the float is at the surface.
TECHNICAL-SECURITY.P1;Min delay between pressure to compute speed (s);Min delay between pressure to compute speed (s);CONFIG_AUX_SpeedComputationMinDelay_seconds;Threshold used to compute a speed between two pressures.
TECHNICAL-SECURITY.P2;Volume of PUMP activation on descent braking (cm3);Volume of PUMP activation on descent braking (cm3);CONFIG_AUX_OilVolumePumpActionDescentBraking_cm^3;Volume of the pump actions performed when the descent speed overshot its max value (CONFIG_HighDescentSpeedAlarmThreshold_cm/s).
TECHNICAL-SECURITY.P3;Volume of PUMP activation on emergency braking (cm3);Volume of PUMP activation on emergency braking (cm3);CONFIG_AUX_OilVolumePumpActionDescentEmergencyBraking_cm^3;Volume of the pump action performed when the pressure overshot its max value (CONFIG_PressureMaxBeforeEmergencyAscent_dbar).
TECHNICAL-SECURITY.P4;Braking factor to stop ascent on aborted profile;Braking factor to stop ascent on aborted profile;CONFIG_ProfileEvasionBrakingFactor_NUMBER;This factor defines the oil volume transferred from the external bladder when a profile evasion occurs and the float has to brake. The transferred oil volume is CONFIG_ProfileEvasionAscentSpeedFactor_NUMBER times the oil volume of the last pump action.
TECHNICAL-SECURITY-GROUNDING.P0;Volume of SV at surface before considering a grounding (cm3);Volume of SV at surface before considering a grounding (cm3);CONFIG_AUX_OilVolumeMinForSurfaceGroundingDetection_cm^3;This information is a threshold used to detect a surface grounding of the float. If there is no vertical motion after having tranfered CONFIG_OilVolumeMinForSurfaceGroundingDetection_cm^3 through the valve, the surface gounded flag is activated.
TECHNICAL-SECURITY-GROUNDING.P1;Volume of SV on descent before considering a grounding (cm3);Volume of SV on descent before considering a grounding (cm3);CONFIG_OilVolumeMinForGroundingDetection_cm^3;This information is a threshold used to detect a grounding of the float. If there is no vertical motion after having tranfered CONFIG_OilVolumeMinForGroundingDetection_cm^3 through the valve, the gounded flag is activated and the float acts as configurated by the CONFIG_GroundingMode_LOGICAL parameter.So, yes it is a configuration parameter (and I can easily understand that it can be modified via remote control since some PROVOR floats have experienced erroneous grounding detection (under study but perhaps due to in-situ conditions).
TECHNICAL-SECURITY-GROUNDING.P2;Speed of stabilization on descent (cm/s);Speed of stabilization on descent (cm/s);CONFIG_AUX_DescentSpeedForGroundingDetection_cm/s;Descent speed threshold to check for a possible grounding of the float.
TECHNICAL-SECURITY-GROUNDING.P3;Behaviour on grounding in “descent to parking” or “parking drift” (0: pressure switch, 1: stay grounded, 2: immediate ascent);Behaviour on grounding in “descent to parking” or “parking drift” (0: pressure switch, 1: stay grounded, 2: immediate ascent);CONFIG_GroundingMode_NUMBER;Action performed by the float when a grounding is detected. 0: the float changes its drift pressure, 1: the float stays on the seabed until the next phase of the cycle. For PROVOR CTS5 the number assigned to each mode has changed - see float manual for details for this model.
TECHNICAL-SECURITY-GROUNDING.P4;Behaviour on grounding in “descent to profile” or “profile drift” (0: pressure switch, 1: stay grounded, 2: immediate ascent);Behaviour on grounding in “descent to profile” or “profile drift” (0: pressure switch, 1: stay grounded, 2: immediate ascent);CONFIG_GroundingModeForProfileDepth_NUMBER;Action performed by the float when a grounding is detected during descent to profile depth. For PROVOR CTS5 floats: 2: the float stays on the seabed until the ascent start time, 3: the ascent starts immediately.
TECHNICAL-SECURITY-GROUNDING.P5;Minimum pressure before allowing switch on depth setpoint (dbar);Minimum pressure before allowing switch on depth setpoint (dbar);CONFIG_GroundingModeMinPresThreshold_dbar;If in grounding mode 0, the float changes its drift pressure only if its current pressure is greater than this value.
TECHNICAL-SECURITY-GROUNDING.P6;Offset pressure of depth setpoint (dbar);Offset pressure of depth setpoint (dbar);CONFIG_GroundingModePresAdjustment_dbar;If in grounding mode 0, the float changes its drift pressure to its programmed one minus this value only if its current pressure is greater than this value.
TECHNICAL-HYDRAULIC.P0;Multiplier coefficient of hydraulic algorithm;Multiplier coefficient of hydraulic algorithm;CONFIG_AUX_HydraulicAlgorithmMultiplierFactor_NUMBER;Multiplier coefficient of hydraulic algorithm.
TECHNICAL-HYDRAULIC-SV.P0;Minimum duration of SV activation (ms);Minimum duration of SV activation (ms);CONFIG_AUX_ValveActionMinTime_msec;Minimum duration of a valve action.
TECHNICAL-HYDRAULIC-SV.P1;SV efficiency (%);SV efficiency (%);CONFIG_AUX_ValveEfficiency_percent;Valve efficiency (%).
TECHNICAL-HYDRAULIC-PUMP.P0;Minimum duration of PUMP activation (ms);Minimum duration of PUMP activation (ms);CONFIG_AUX_PumpActionMinTime_msec;Minimum duration of a pump action.
TECHNICAL-HYDRAULIC-PUMP.P1;PUMP efficiency (%);PUMP efficiency (%);CONFIG_AUX_PumpEfficiency_percent;Pump efficiency (%).
SENSORS-SENSORXX.P0;Enable/disable the sensor;Enable/disable the sensor;CONFIG_AUX_<short_sensor_name>Enable_LOGICAL;Enable/disable <short_sensor_name> sensor.
SENSORS-SENSORXX.P1;Format of treated data;Format of treated data;CONFIG_AUX_<short_sensor_name>TransmittedDataFormat_NUMBER;Format of <short_sensor_name> transmitted data (coded value that depends on each sensor).
SENSORS-SENSORXX.P2;Datation frequency of treated data;Datation frequency of treated data;CONFIG_AUX_<short_sensor_name>DatationFrequency_NUMBER;Datation frequency of <short_sensor_name> sampled data (N means that we have 1 dated level each N measurements).
SENSORS-SENSORXX-DESCENT.P0;Enable/disable acquisition on “descent to parking”;Enable/disable acquisition on “descent to parking”;CONFIG_AUX_<short_sensor_name>DescentToParkPhaseEnableAcquisition_LOGICAL;Enable/disable acquisition during “descent to parking” phase.
SENSORS-SENSORXX-DESCENT.P1;Enable/disable acquisition on “descent to profile”;Enable/disable acquisition on “descent to profile”;CONFIG_AUX_<short_sensor_name>DescentToProfPhaseEnableAcquisition_LOGICAL;Enable/disable acquisition during “descent to profile” phase.
SENSORS-SENSORXX-DESCENT-ZONEN.P0;Zone N - Pressure threshold between zone N and zone N+1;Zone N - Pressure threshold between zone N and zone N+1;CONFIG_AUX_<short_sensor_name>DescentPhasesDepthZone<N>DepthZone<N+1>PressureThreshold_dbar;Threshold between depth zone #N and depth zone #N+1 for <short_sensor_name> in the descent phases (in dbar).
SENSORS-SENSORXX-DESCENT-ZONEN.P1;Zone N - Sampling period (s);Zone N - Sampling period (s);CONFIG_AUX_<short_sensor_name>DescentPhasesDepthZone<N>SamplingPeriod_dbar;Sampling period for the depth zone #<N> of the <short_sensor_name> sensor while sampling during the descent phases of the cycle.
SENSORS-SENSORXX-DESCENT-ZONEN.P2;Zone N - Acquisition type (0: none, 1: continu, 2: pulsed, 3: spot sampling);Zone N - Acquisition type (0: none, 1: continu, 2: pulsed, 3: spot sampling);CONFIG_AUX_<short_sensor_name>DescentPhasesDepthZone<N>PowerAcquisitionMode_NUMBER;Power acquisition mode of the <short_sensor_name> in the depth zone #<N> during the descent phases (0 : none, 1 : continuous, 2 : pulsed, 3 : spot sampling).
SENSORS-SENSORXX-DESCENT-ZONEN.P3;Zone N - Processing type (00: raw, 80: raw decimated, 81: average decimated);Zone N - Processing type (00: raw, 80: raw decimated, 81: average decimated);CONFIG_AUX_<short_sensor_name>DescentPhasesDepthZone<N>DataProcessingMode_NUMBER;Data processing output of the <short_sensor_name> in the depth zone #<N> during the descent phases (00: raw, 80: raw decimated, 81: average decimated).
SENSORS-SENSORXX-DESCENT-ZONEN.P4;Zone N - Slice thickness (dbar);Zone N - Slice thickness (dbar);CONFIG_AUX_<short_sensor_name>DescentPhasesDepthZone<N>SlicesThickness_dbar;Slices thickness for <short_sensor_name> in the depth zone #<N> during the descent phases (in dbar).
SENSORS-SENSORXX-DESCENT-ZONEN.P5;Zone N - Number of samples in spot sampling mode per slice;Zone N - Number of samples in spot sampling mode per slice;CONFIG_AUX_<short_sensor_name>DescentPhasesDepthZone<N>Sample_NUMBER;"Number of samples acquired in ""spot sampling"" mode by <short_sensor_name> in the depth zone #<N> during the descent phases."
SENSORS-SENSORXX-ASCENT.P0;Enable/disable acquisition on “ascent”;Enable/disable acquisition on “ascent”;CONFIG_AUX_<short_sensor_name>AscentPhaseEnableAcquisition_LOGICAL;Enable/disable acquisition during “ascent” phase.
SENSORS-SENSORXX-ASCENT-ZONEN.P0;Zone N - Pressure threshold between zone N and zone N+1;Zone N - Pressure threshold between zone N and zone N+1;CONFIG_AUX_<short_sensor_name>AscentPhasesDepthZone<N>DepthZone<N+1>PressureThreshold_dbar;Threshold between depth zone #N and depth zone #N+1 for <short_sensor_name> in the ascent phase (in dbar).
SENSORS-SENSORXX-ASCENT-ZONEN.P1;Zone N - Sampling period (s);Zone N - Sampling period (s);CONFIG_<short_sensor_name>AscentPhaseDepthZone<N>SamplingPeriod_dbar;Sampling period for the depth zone #<N> of the <short_sensor_name> sensor while sampling during the ascent phase of the cycle.
SENSORS-SENSORXX-ASCENT-ZONEN.P2;Zone N - Acquisition type (0: none, 1: continu, 2: pulsed, 3: spot sampling);Zone N - Acquisition type (0: none, 1: continu, 2: pulsed, 3: spot sampling);CONFIG_<short_sensor_name>AscentPhaseDepthZone<N>PowerAcquisitionMode_NUMBER;Power acquisition mode for the depth zone #<N> of the <short_sensor_name> sensor while sampling during the ascent phase of the cycle.
SENSORS-SENSORXX-ASCENT-ZONEN.P3;Zone N - Processing type (00: raw, 80: raw decimated, 81: average decimated);Zone N - Processing type (00: raw, 80: raw decimated, 81: average decimated);CONFIG_AUX_<short_sensor_name>AscentPhaseDepthZone<N>DataProcessingMode_NUMBER;Data processing output of the <short_sensor_name> in the depth zone #<N> during the ascent phase (00: raw, 80: raw decimated, 81: average decimated).
SENSORS-SENSORXX-ASCENT-ZONEN.P4;Zone N - Slice thickness (dbar);Zone N - Slice thickness (dbar);CONFIG_AUX_<short_sensor_name>AscentPhaseDepthZone<N>SlicesThickness_dbar;Slices thickness for <short_sensor_name> in the depth zone #<N> during the ascent phase (in dbar).
SENSORS-SENSORXX-ASCENT-ZONEN.P5;Zone N - Number of samples in spot sampling mode per slice;Zone N - Number of samples in spot sampling mode per slice;CONFIG_AUX_<short_sensor_name>AscentPhaseDepthZone<N>Sample_NUMBER;"Number of samples acquired in ""spot sampling"" mode by <short_sensor_name> in the depth zone #<N> during the ascent phase."
SENSORS-SENSORXX-PARK_DRIFT.P0;Sampling period (s);Sampling period (s);CONFIG_<short_sensor_name>DriftAtParkPresSamplingPeriod_seconds;Sampling period of the <short_sensor_name> during the drift at parking pressure (in minutes).
SENSORS-SENSORXX-PROF_DRIFT.P0;Sampling period (s);Sampling period (s);CONFIG_<short_sensor_name>DriftAtProfilePresSamplingPeriod_minutes;Sampling period of the <short_sensor_name> during the drift at profile pressure (in minutes).
SENSORS-SENSORXX-IN_AIR.P0;Sampling period (s);Sampling period (s);CONFIG_<short_sensor_name>InAirMeasurementSamplingPeriod_seconds;"Sampling period for the <short_sensor_name> sensor during the ""in air measurement"" phase."
SENSORS-SENSORXX-IN_AIR.P1;Acquisition type (0: none, 1: continu, 2: pulsed);Acquisition type (0: none, 1: continu, 2: pulsed);CONFIG_AUX_<short_sensor_name>InAirMeasurementPowerAcquisitionMode_NUMBER;"Power acquisition mode of the <short_sensor_name> during the ""in air measurement"" phase (0 : none, 1 : continuous, 2 : pulsed)."
SENSORS-SENSORXX-TECHNICAL.P0;Warmup delay (s);Warmup delay (s);CONFIG_<short_sensor_name>WarmUpTime_seconds;Time, needed after the <short_sensor_name> is powered ON, to provide its first sample (in milli-seconds).
SENSORS-SENSORXX-TECHNICAL.P1;Power-off delay (s);Power-off delay (s);CONFIG_<short_sensor_name>PowerSwitchDelayMin_seconds;Minimum waiting time needed by the <short sensor name> between a switch OFF and a switch ON (in milli-seconds).
SENSORS-SENSORXX-TECHNICAL.P2;Theorical delay between 2 samples (s);Theorical delay between 2 samples (s);CONFIG_AUX_<short_sensor_name>MinDelayBetweenTwoSamples_seconds;Minimum delay between 2 samples of the <short sensor name>.
SENSORS-SENSORXX-TECHNICAL.P3;Index of 1st sample valid;Index of 1st sample valid;CONFIG_<short_sensor_name>FirstValidSample_NUMBER;Rank of the first valid sample provided by the <short_sensor_name> (0 is the rank of the first sample).
SENSORS-SENSOR01-SPECIFIC.P0;Cut-off pressure (dbar);Cut-off pressure (dbar);CONFIG_CTDPumpStopPressure_dbar;The pressure at which the CTD pump is switched off.  As the float ascends, the code looks at the pressure and if <= CONFIG_CTDPumpStopPressure, the CTD is turned off. CTDPumpStopPressure is a firmware threshold and as such, data may continue to be collected for a limited span after the threshold is recognized. Especially in floats that return high resolution discrete data, there might be data collected shallower than the cut off, due to the discrete nature of the pressure data and also due to the time necessary for the firmware to turn off the CTD once the pressure threshold is reached. For example for SOLOII floats the CTD is switched off at 1dbar, and typically the shallowest data is from 0.5 to 0.8 dbar. This shallow data should be carefully assessed for its validity.
ICE.P0;Key validating the option activation;Key validating the option activation;CONFIG_AUX_IceDetectionValidationKey_NUMBER;Key validating the ice detection activation.
ICE.P1;Enable/disable ice detection;Enable/disable ice detection;CONFIG_AUX_EnableIceDetection_LOGICAL;Enable/disable ice detection.
ICE.P2;Monthly calendar activation (12bits with: BIT11 = January, ..., BIT0 = December);Monthly calendar activation (12bits with: BIT11 = January, ..., BIT0 = December);CONFIG_BitMaskMonthsIceDetectionActive_NUMBER;When is ice detection active - months in reverse order
ICE.P3;Breakup period (days);Breakup period (days);CONFIG_IceDetectionSpringInhibitionDelaySinceLastIceEvasion_days;Maximum delay (in days/cycles) since the last ice evasiondate to attempt a surfacing.  This is often called the 'Spring', where the float stays underwater for a time even though the temperature has warmed.
ICE.P4;Period of 1st forcing ascent (days);Period of 1st forcing ascent (days);CONFIG_AUX_IceDetectionMaxDaysNoTransmissionBeforeFirstForcedAscent_NUMBER;Maximum delay (in days) of no transmission before the fisrt forced ascent. This parameter is used to disable the ice detection algorithmand force the float to surface even if ice is detected.
ICE.P5;Period of next forcing ascent (days);Period of next forcing ascent (days);CONFIG_AUX_IceDetectionMaxDaysNoTransmissionBeforeFollowingForcedAscent_NUMBER;Maximum delay (in days) of no transmission before the followin forced ascent. This parameter is used to disable the ice detection algorithmand force the float to surface even if ice is detected.
ICE.P6;"Depth for ""slow down"" speed of ascent (dbar)";"Depth for ""slow down"" speed of ascent (dbar)";CONFIG_AscentSpeedStartPressureThresholdForSlowPhase_dbar;Pressure threshold to start the slow ascent speed phase.
ICE.P7;“Slow down” speed (cm/s);“Slow down” speed (cm/s);CONFIG_AUX_IceDetectionSlowAscentSpeed_cm/s;Slow ascent  speed during ice detection phase.
ICE-ISA.P0;Enable/disable ISA detection;Enable/disable ISA detection;CONFIG_AUX_EnableIceDetectionIsa_LOGICAL;Enable/disable ISA step of ice detection.
ICE-ISA.P1;Collection starting depth (dbar);Collection starting depth (dbar);CONFIG_IceDetectionMixedLayerPMax_dbar;Maximum sampling pressure used by ice cover detection algorithm. i.e. start pressure threshold for ice detection algorithm)
ICE-ISA.P2;Collection stopping depth (dbar);Collection stopping depth (dbar);CONFIG_IceDetectionMixedLayerPMin_dbar;Minimum sampling pressure used by ice cover detection algorithm. (i..e end pressure threshold for ice detection algorithm)
ICE-ISA.P3;Median temperature threshold (°C);Median temperature threshold (°C);CONFIG_IceDetection_degC;Ice temperature in [degree Celsius/1e3] where profiles are aborted because of ice formation conditions
ICE-ISA.P4;Successive detections counter threshold;Successive detections counter threshold;CONFIG_IceDetectionConsecutiveDetectionBeforeFloatSurfaceInhibition_NUMBER;Number of consecutive ISA detections before float surface inhibition.If fewer consecutive ice detections are made, then the float will immediately seek the surface if mixed layer temp is warm.
ICE-HANGING.P0;Enable/disable hanging detection;Enable/disable hanging detection;CONFIG_AUX_EnableIceDetectionHanging_LOGICAL;"Enable/disable ""hanging"" step of ice detection."
ICE-HANGING.P1;Maximum volume before considering a hanging (cm3);Maximum volume before considering a hanging (cm3);CONFIG_IceDetectionNoVerticalMotionTimeOut_cm^3;When the float is in ice detection mode if, despite of pump actions, no vertical motion is detected during this delay, the cycle is aborted.
ICE-HANGING.P2;Speed stabilization (cm/s);Speed stabilization (cm/s);CONFIG_AUX_AscentSpeedForIceDetectionHanging_cm/s;Ascent speed threshold to check for a possible hangind of the float during ice detection phase.
ICE-HANGING.P3;Pressure delta to flow back (dbar);Pressure delta to flow back (dbar);CONFIG_AUX_AscentStartPressureDiffThresholdForIceDetectionHanging_dbar;Pressure difference threshold at ascent start to be sure that start of ascent is not considered as a hanging.
ICE-SAT_MASK.P0;Enable/disable satellite mask detection;Enable/disable satellite mask detection;CONFIG_AUX_EnableIceDetectionSatMask_LOGICAL;"Enable/disable ""satellite mask"" step of ice detection."
SELFTEST.P0;Minimum voltage of battery (V);Minimum voltage of battery (V);CONFIG_AUX_SelfTestMinBatteryVoltage_volts;Minimum battery voltage for successful self test.
SELFTEST.P1;Minimum external pressure (dbar);Minimum external pressure (dbar);CONFIG_AUX_SelfTestMinExternalPressure_dbar;Minimum external pressure for successful self test.
SELFTEST.P2;Maximum external pressure (dbar);Maximum external pressure (dbar);CONFIG_AUX_SelfTestMaxExternalPressure_dbar;Maximum external pressure for successful self test.
SELFTEST.P3;Minimum internal pressure (mbar);Minimum internal pressure (mbar);CONFIG_AUX_SelfTestMinInternalPressure_dbar;Minimum internal pressure for successful self test.
SELFTEST.P4;Maximum internal pressure (mbar);Maximum internal pressure (mbar);CONFIG_AUX_SelfTestMaxInternalPressure_dbar;Maximum internal pressure for successful self test.
SELFTEST.P5;Minimum internal temperature (°C);Minimum internal temperature (°C);CONFIG_AUX_SelfTestMinInternalTemperature_degC;Minimum internal temperature for successful self test.
SELFTEST.P6;Maximum internal temperature (°C);Maximum internal temperature (°C);CONFIG_AUX_SelfTestMaxInternalTemperature_degC;Maximum internal temperature for successful self test.
SELFTEST.P7;Minimum internal relative humidity (%RH);Minimum internal relative humidity (%RH);CONFIG_AUX_SelfTestMinInternalRelativeHumidity;Minimum internal relative humidity for successful self test.
SELFTEST.P8;Maximum internal relative humidity (%RH);Maximum internal relative humidity (%RH);CONFIG_AUX_SelfTestMaxInternalRelativeHumidity;Maximum internal relative humidity for successful self test.
ALARMS-THRESHOLD.P0;Minimum voltage of battery (V);Minimum voltage of battery (V);CONFIG_AUX_AlarmMinBatteryVoltage_volts;Minimum battery voltage threshold to raise an alarm.
ALARMS-THRESHOLD.P1;Minimum external pressure (dbar);Minimum external pressure (dbar);CONFIG_AUX_AlarmMinExternalPressure_dbar;Minimum external pressure threshold to raise an alarm.
ALARMS-THRESHOLD.P2;Maximum external pressure (dbar);Maximum external pressure (dbar);CONFIG_PressureMaxBeforeEmergencyAscent_dbar;Emergency ascent phase start pressure (in dbars).
ALARMS-THRESHOLD.P3;Minimum internal pressure (mbar);Minimum internal pressure (mbar);CONFIG_AUX_AlarmMinInternalPressure_dbar;Minimum internal pressure threshold to raise an alarm.
ALARMS-THRESHOLD.P4;Maximum internal pressure (mbar);Maximum internal pressure (mbar);CONFIG_AUX_AlarmMaxInternalPressure_dbar;Maximum internal pressure threshold to raise an alarm.
ALARMS-THRESHOLD.P5;Minimum internal temperature (°C);Minimum internal temperature (°C);CONFIG_AUX_AlarmMinInternalTemperature_degC;Minimum internal temperature threshold to raise an alarm.
ALARMS-THRESHOLD.P6;Maximum internal temperature (°C);Maximum internal temperature (°C);CONFIG_AUX_AlarmMaxInternalTemperature_degC;Maximum internal temperature threshold to raise an alarm.
ALARMS-THRESHOLD.P7;Minimum internal relative humidity (%RH);Minimum internal relative humidity (%RH);CONFIG_AUX_AlarmMinInternalRelativeHumidity;Minimum internal relative humidity threshold to raise an alarm.
ALARMS-THRESHOLD.P8;Maximum internal relative humidity (%RH);Maximum internal relative humidity (%RH);CONFIG_AUX_AlarmMaxInternalRelativeHumidity;Maximum internal relative humidity threshold to raise an alarm.
ALARMS-THRESHOLD.P9;Gap between 2 consecutive pressure requests (dbar);Gap between 2 consecutive pressure requests (dbar);CONFIG_AUX_AlarmMaxPressureDiff_dbar;Maximum difference between 2 consecutive pressures (used for navigation) to raise an alarm.
ALARMS-THRESHOLD.P10;Maximum speed on descent (cm/s);Maximum speed on descent (cm/s);CONFIG_AUX_HighDescentSpeedAlarmThreshold_cm/s;"Max threshold of descent speed before raising a ""braking"" alarm."
ALARMS-END_OF_LIFE.P0;Detection of minimum battery voltage;Detection of minimum battery voltage;CONFIG_AUX_EolMinBatteryVoltage_LOGICAL;Enable/disable to switch in EOL mode when the minimum battery voltage threshold is overshot.
ALARMS-END_OF_LIFE.P2;Detection of maximum external pressure;Detection of maximum external pressure;CONFIG_AUX_EolMaxExternalPressure_LOGICAL;Enable/disable to switch in EOL mode when the maximum external pressure threshold is overshot.
ALARMS-END_OF_LIFE.P4;Detection of maximum internal pressure;Detection of maximum internal pressure;CONFIG_AUX_EolMaxInternalPressure_LOGICAL;Enable/disable to switch in EOL mode when the maximum internal pressure threshold is overshot.
ALARMS-END_OF_LIFE.P10;Detection of maximum speed on descent;Detection of maximum speed on descent;CONFIG_AUX_EolMaxDescentSpeed_LOGICAL;Enable/disable to switch in EOL mode when the maximum descent speed threshold is overshot.
ALARMS-END_OF_LIFE.P21;Detection of insulation voltage;Detection of insulation voltage;CONFIG_AUX_EolInsulationVoltage_LOGICAL;Enable/disable to switch in EOL mode when water is detected inside the float.
META-FROM-TECH.P0;Float ID;Float ID;FLOAT_SERIAL_NO;Serial number of the float.
META-FROM-TECH.P1;Firmware version (type, version, subversion, release);Firmware version (type, version, subversion, release);FIRMWARE_VERSION;Firmware version of the float.
META-FROM-TECH.P2;Firmware checksum;Firmware checksum;CONFIG_AUX_NUMBER_VectorBoardFirmwareChecksum_NUMBER;Checksum of the vector board firmware.
META-FROM-TECH.P300201;Pressure: Min value expected;Pressure: Min value expected;CONFIG_CtdMinTransmittedPressure_dbar;Minimum value of transmitted Ctd pressure measurements (in dbars).
META-FROM-TECH.P300202;Pressure: Max value expected;Pressure: Max value expected;CONFIG_CtdMaxTransmittedPressure_dbar;Maximum value of transmitted Ctd pressure measurements (in dbars).
META-FROM-TECH.P300204;Temperature: Min value expected;Temperature: Min value expected;CONFIG_CtdMinTransmittedTemperature_mdegC;Minimum value of transmitted Ctd temperature measurements (in milli-DegC).
META-FROM-TECH.P300205;Temperature: Max value expected;Temperature: Max value expected;CONFIG_CtdMaxTransmittedTemperature_mdegC;Maximum value of transmitted Ctd temperature measurements (in milli-DegC).
META-FROM-TECH.P300207;Salinity: Min value expected;Salinity: Min value expected;CONFIG_CtdMinTransmittedSalinity_mpsu;Minimum value of transmitted Ctd salinity measurements (in milli-PSU).
META-FROM-TECH.P300208;Salinity: Max value expected;Salinity: Max value expected;CONFIG_CtdMaxTransmittedSalinity_mpsu;Maximum value of transmitted Ctd salinity measurements (in milli-PSU).
META-FROM-TECH.P300301;C1RPhase: Min value expected;C1RPhase: Min value expected;CONFIG_OptodeMinTransmittedC1Phase_angularDeg;Minimum value of transmitted Optode C1 phase measurements (in degrees).
META-FROM-TECH.P300302;C1RPhase: Max value expected;C1RPhase: Max value expected;CONFIG_OptodeMaxTransmittedC1Phase_angularDeg;Maximum value of transmitted Optode C1 phase measurements (in degrees).
META-FROM-TECH.P300304;C2RPhase: Min value expected;C2RPhase: Min value expected;CONFIG_OptodeMinTransmittedC2Phase_angularDeg;Minimum value of transmitted Optode C2 phase measurements (in degrees).
META-FROM-TECH.P300305;C2RPhase: Max value expected;C2RPhase: Max value expected;CONFIG_OptodeMaxTransmittedC2Phase_angularDeg;Maximum value of transmitted Optode C2 phase measurements (in degrees).
META-FROM-TECH.P300307;Temperature: Min value expected;Temperature: Min value expected;CONFIG_OptodeMinTransmittedTemperature_mdegC;Minimum value of transmitted Optode temperature measurements (in milli-DegC).
META-FROM-TECH.P300308;Temperature : Max value expected;Temperature : Max value expected;CONFIG_OptodeMaxTransmittedTemperature_mdegC;Maximum value of transmitted Optode temperature measurements (in milli-DegC).
META-FROM-TECH.P300401;Pressure : Min value expected;Pressure : Min value expected;CONFIG_CtdMinTransmittedPressure_dbar;Minimum value of transmitted Ctd pressure measurements (in dbars).
META-FROM-TECH.P300402;Pressure : Max value expected;Pressure : Max value expected;CONFIG_CtdMaxTransmittedPressure_dbar;Maximum value of transmitted Ctd pressure measurements (in dbars).
META-FROM-TECH.P300404;Temperature : Min value expected;Temperature : Min value expected;CONFIG_CtdMinTransmittedTemperature_mdegC;Minimum value of transmitted Ctd temperature measurements (in milli-DegC).
META-FROM-TECH.P300405;Temperature : Max value expected;Temperature : Max value expected;CONFIG_CtdMaxTransmittedTemperature_mdegC;Maximum value of transmitted Ctd temperature measurements (in milli-DegC).
META-FROM-TECH.P300407;Salinity : Min value expected;Salinity : Min value expected;CONFIG_CtdMinTransmittedSalinity_mpsu;Minimum value of transmitted Ctd salinity measurements (in milli-PSU).
META-FROM-TECH.P300408;Salinity : Max value expected;Salinity : Max value expected;CONFIG_CtdMaxTransmittedSalinity_mpsu;Maximum value of transmitted Ctd salinity measurements (in milli-PSU).
META-FROM-TECH.P300410;Coils temperature: Min value expected;Coils temperature: Min value expected;CONFIG_AUX_TEMP_CtdMinTransmittedCoilsTemperature_mdegC;Minimum value of transmitted Ctd coils temperature measurements (in milli-DegC).
META-FROM-TECH.P300411;Coils temperature: Max value expected;Coils temperature: Max value expected;CONFIG_AUX_TEMP_CtdMaxTransmittedCoilsTemperature_mdegC;Maximum value of transmitted Ctd coils temperature measurements (in milli-DegC).
META-FROM-TECH.P300413;Salinity corrected: Min value expected;Salinity corrected: Min value expected;CONFIG_AUX_PSAL_CtdMinTransmittedSalinityCor_mpsu;Minimum value of transmitted Ctd salinity corrected measurements (in milli-PSU).
META-FROM-TECH.P300414;Salinity corrected: Max value expected;Salinity corrected: Max value expected;CONFIG_AUX_PSAL_CtdMaxTransmittedSalinityCor_mpsu;Maximum value of transmitted Ctd salinity corrected measurements (in milli-PSU).
META-FROM-TECH.P600201;Serial number;Serial number;SENSOR_SERIAL_NO;Serial number of the Aanderaa4330 sensor.
META-FROM-TECH.P600308;Sensor’s serial number;Sensor’s serial number;SENSOR_SERIAL_NO;Serial number of the RBRargo3 sensor.
